frame_file,time_sec,transcript
frame_0000.jpg,0.00, How's it going guys welcome back to Craft of Cars happy Tuesday and today's video we're gonna be finally fixing the exhaust
frame_0001.jpg,0.03, How's it going guys welcome back to Craft of Cars happy Tuesday and today's video we're gonna be finally fixing the exhaust
frame_0002.jpg,0.07, How's it going guys welcome back to Craft of Cars happy Tuesday and today's video we're gonna be finally fixing the exhaust
frame_0003.jpg,0.10, How's it going guys welcome back to Craft of Cars happy Tuesday and today's video we're gonna be finally fixing the exhaust
frame_0004.jpg,0.13, How's it going guys welcome back to Craft of Cars happy Tuesday and today's video we're gonna be finally fixing the exhaust
frame_0005.jpg,0.17, How's it going guys welcome back to Craft of Cars happy Tuesday and today's video we're gonna be finally fixing the exhaust
frame_0006.jpg,0.20, How's it going guys welcome back to Craft of Cars happy Tuesday and today's video we're gonna be finally fixing the exhaust
frame_0007.jpg,0.23, How's it going guys welcome back to Craft of Cars happy Tuesday and today's video we're gonna be finally fixing the exhaust
frame_0008.jpg,0.27, How's it going guys welcome back to Craft of Cars happy Tuesday and today's video we're gonna be finally fixing the exhaust
frame_0009.jpg,0.30, How's it going guys welcome back to Craft of Cars happy Tuesday and today's video we're gonna be finally fixing the exhaust
frame_0010.jpg,0.33, How's it going guys welcome back to Craft of Cars happy Tuesday and today's video we're gonna be finally fixing the exhaust
frame_0011.jpg,0.37, How's it going guys welcome back to Craft of Cars happy Tuesday and today's video we're gonna be finally fixing the exhaust
frame_0012.jpg,0.40, How's it going guys welcome back to Craft of Cars happy Tuesday and today's video we're gonna be finally fixing the exhaust
frame_0013.jpg,0.43, How's it going guys welcome back to Craft of Cars happy Tuesday and today's video we're gonna be finally fixing the exhaust
frame_0014.jpg,0.47, How's it going guys welcome back to Craft of Cars happy Tuesday and today's video we're gonna be finally fixing the exhaust
frame_0015.jpg,0.50, How's it going guys welcome back to Craft of Cars happy Tuesday and today's video we're gonna be finally fixing the exhaust
frame_0016.jpg,0.53, How's it going guys welcome back to Craft of Cars happy Tuesday and today's video we're gonna be finally fixing the exhaust
frame_0017.jpg,0.57, How's it going guys welcome back to Craft of Cars happy Tuesday and today's video we're gonna be finally fixing the exhaust
frame_0018.jpg,0.60, How's it going guys welcome back to Craft of Cars happy Tuesday and today's video we're gonna be finally fixing the exhaust
frame_0019.jpg,0.63, How's it going guys welcome back to Craft of Cars happy Tuesday and today's video we're gonna be finally fixing the exhaust
frame_0020.jpg,0.67, How's it going guys welcome back to Craft of Cars happy Tuesday and today's video we're gonna be finally fixing the exhaust
frame_0021.jpg,0.70, How's it going guys welcome back to Craft of Cars happy Tuesday and today's video we're gonna be finally fixing the exhaust
frame_0022.jpg,0.73, How's it going guys welcome back to Craft of Cars happy Tuesday and today's video we're gonna be finally fixing the exhaust
frame_0023.jpg,0.77, How's it going guys welcome back to Craft of Cars happy Tuesday and today's video we're gonna be finally fixing the exhaust
frame_0024.jpg,0.80, How's it going guys welcome back to Craft of Cars happy Tuesday and today's video we're gonna be finally fixing the exhaust
frame_0025.jpg,0.83, How's it going guys welcome back to Craft of Cars happy Tuesday and today's video we're gonna be finally fixing the exhaust
frame_0026.jpg,0.87, How's it going guys welcome back to Craft of Cars happy Tuesday and today's video we're gonna be finally fixing the exhaust
frame_0027.jpg,0.90, How's it going guys welcome back to Craft of Cars happy Tuesday and today's video we're gonna be finally fixing the exhaust
frame_0028.jpg,0.93, How's it going guys welcome back to Craft of Cars happy Tuesday and today's video we're gonna be finally fixing the exhaust
frame_0029.jpg,0.97, How's it going guys welcome back to Craft of Cars happy Tuesday and today's video we're gonna be finally fixing the exhaust
frame_0030.jpg,1.00, How's it going guys welcome back to Craft of Cars happy Tuesday and today's video we're gonna be finally fixing the exhaust
frame_0031.jpg,1.03, How's it going guys welcome back to Craft of Cars happy Tuesday and today's video we're gonna be finally fixing the exhaust
frame_0032.jpg,1.07, How's it going guys welcome back to Craft of Cars happy Tuesday and today's video we're gonna be finally fixing the exhaust
frame_0033.jpg,1.10, How's it going guys welcome back to Craft of Cars happy Tuesday and today's video we're gonna be finally fixing the exhaust
frame_0034.jpg,1.13, How's it going guys welcome back to Craft of Cars happy Tuesday and today's video we're gonna be finally fixing the exhaust
frame_0035.jpg,1.17, How's it going guys welcome back to Craft of Cars happy Tuesday and today's video we're gonna be finally fixing the exhaust
frame_0036.jpg,1.20, How's it going guys welcome back to Craft of Cars happy Tuesday and today's video we're gonna be finally fixing the exhaust
frame_0037.jpg,1.23, How's it going guys welcome back to Craft of Cars happy Tuesday and today's video we're gonna be finally fixing the exhaust
frame_0038.jpg,1.27, How's it going guys welcome back to Craft of Cars happy Tuesday and today's video we're gonna be finally fixing the exhaust
frame_0039.jpg,1.30, How's it going guys welcome back to Craft of Cars happy Tuesday and today's video we're gonna be finally fixing the exhaust
frame_0040.jpg,1.33, How's it going guys welcome back to Craft of Cars happy Tuesday and today's video we're gonna be finally fixing the exhaust
frame_0041.jpg,1.37, How's it going guys welcome back to Craft of Cars happy Tuesday and today's video we're gonna be finally fixing the exhaust
frame_0042.jpg,1.40, How's it going guys welcome back to Craft of Cars happy Tuesday and today's video we're gonna be finally fixing the exhaust
frame_0043.jpg,1.43, How's it going guys welcome back to Craft of Cars happy Tuesday and today's video we're gonna be finally fixing the exhaust
frame_0044.jpg,1.47, How's it going guys welcome back to Craft of Cars happy Tuesday and today's video we're gonna be finally fixing the exhaust
frame_0045.jpg,1.50, How's it going guys welcome back to Craft of Cars happy Tuesday and today's video we're gonna be finally fixing the exhaust
frame_0046.jpg,1.53, How's it going guys welcome back to Craft of Cars happy Tuesday and today's video we're gonna be finally fixing the exhaust
frame_0047.jpg,1.57, How's it going guys welcome back to Craft of Cars happy Tuesday and today's video we're gonna be finally fixing the exhaust
frame_0048.jpg,1.60, How's it going guys welcome back to Craft of Cars happy Tuesday and today's video we're gonna be finally fixing the exhaust
frame_0049.jpg,1.63, How's it going guys welcome back to Craft of Cars happy Tuesday and today's video we're gonna be finally fixing the exhaust
frame_0050.jpg,1.67, How's it going guys welcome back to Craft of Cars happy Tuesday and today's video we're gonna be finally fixing the exhaust
frame_0051.jpg,1.70, How's it going guys welcome back to Craft of Cars happy Tuesday and today's video we're gonna be finally fixing the exhaust
frame_0052.jpg,1.73, How's it going guys welcome back to Craft of Cars happy Tuesday and today's video we're gonna be finally fixing the exhaust
frame_0053.jpg,1.77, How's it going guys welcome back to Craft of Cars happy Tuesday and today's video we're gonna be finally fixing the exhaust
frame_0054.jpg,1.80, How's it going guys welcome back to Craft of Cars happy Tuesday and today's video we're gonna be finally fixing the exhaust
frame_0055.jpg,1.83, How's it going guys welcome back to Craft of Cars happy Tuesday and today's video we're gonna be finally fixing the exhaust
frame_0056.jpg,1.87, How's it going guys welcome back to Craft of Cars happy Tuesday and today's video we're gonna be finally fixing the exhaust
frame_0057.jpg,1.90, How's it going guys welcome back to Craft of Cars happy Tuesday and today's video we're gonna be finally fixing the exhaust
frame_0058.jpg,1.93, How's it going guys welcome back to Craft of Cars happy Tuesday and today's video we're gonna be finally fixing the exhaust
frame_0059.jpg,1.97, How's it going guys welcome back to Craft of Cars happy Tuesday and today's video we're gonna be finally fixing the exhaust
frame_0060.jpg,2.00, How's it going guys welcome back to Craft of Cars happy Tuesday and today's video we're gonna be finally fixing the exhaust
frame_0061.jpg,2.03, How's it going guys welcome back to Craft of Cars happy Tuesday and today's video we're gonna be finally fixing the exhaust
frame_0062.jpg,2.07, How's it going guys welcome back to Craft of Cars happy Tuesday and today's video we're gonna be finally fixing the exhaust
frame_0063.jpg,2.10, How's it going guys welcome back to Craft of Cars happy Tuesday and today's video we're gonna be finally fixing the exhaust
frame_0064.jpg,2.13, How's it going guys welcome back to Craft of Cars happy Tuesday and today's video we're gonna be finally fixing the exhaust
frame_0065.jpg,2.17, How's it going guys welcome back to Craft of Cars happy Tuesday and today's video we're gonna be finally fixing the exhaust
frame_0066.jpg,2.20, How's it going guys welcome back to Craft of Cars happy Tuesday and today's video we're gonna be finally fixing the exhaust
frame_0067.jpg,2.23, How's it going guys welcome back to Craft of Cars happy Tuesday and today's video we're gonna be finally fixing the exhaust
frame_0068.jpg,2.27, How's it going guys welcome back to Craft of Cars happy Tuesday and today's video we're gonna be finally fixing the exhaust
frame_0069.jpg,2.30, How's it going guys welcome back to Craft of Cars happy Tuesday and today's video we're gonna be finally fixing the exhaust
frame_0070.jpg,2.33, How's it going guys welcome back to Craft of Cars happy Tuesday and today's video we're gonna be finally fixing the exhaust
frame_0071.jpg,2.37, How's it going guys welcome back to Craft of Cars happy Tuesday and today's video we're gonna be finally fixing the exhaust
frame_0072.jpg,2.40, How's it going guys welcome back to Craft of Cars happy Tuesday and today's video we're gonna be finally fixing the exhaust
frame_0073.jpg,2.43, How's it going guys welcome back to Craft of Cars happy Tuesday and today's video we're gonna be finally fixing the exhaust
frame_0074.jpg,2.47, How's it going guys welcome back to Craft of Cars happy Tuesday and today's video we're gonna be finally fixing the exhaust
frame_0075.jpg,2.50, How's it going guys welcome back to Craft of Cars happy Tuesday and today's video we're gonna be finally fixing the exhaust
frame_0076.jpg,2.53, How's it going guys welcome back to Craft of Cars happy Tuesday and today's video we're gonna be finally fixing the exhaust
frame_0077.jpg,2.57, How's it going guys welcome back to Craft of Cars happy Tuesday and today's video we're gonna be finally fixing the exhaust
frame_0078.jpg,2.60, How's it going guys welcome back to Craft of Cars happy Tuesday and today's video we're gonna be finally fixing the exhaust
frame_0079.jpg,2.63, How's it going guys welcome back to Craft of Cars happy Tuesday and today's video we're gonna be finally fixing the exhaust
frame_0080.jpg,2.67, How's it going guys welcome back to Craft of Cars happy Tuesday and today's video we're gonna be finally fixing the exhaust
frame_0081.jpg,2.70, How's it going guys welcome back to Craft of Cars happy Tuesday and today's video we're gonna be finally fixing the exhaust
frame_0082.jpg,2.73, How's it going guys welcome back to Craft of Cars happy Tuesday and today's video we're gonna be finally fixing the exhaust
frame_0083.jpg,2.77, How's it going guys welcome back to Craft of Cars happy Tuesday and today's video we're gonna be finally fixing the exhaust
frame_0084.jpg,2.80, How's it going guys welcome back to Craft of Cars happy Tuesday and today's video we're gonna be finally fixing the exhaust
frame_0085.jpg,2.83, How's it going guys welcome back to Craft of Cars happy Tuesday and today's video we're gonna be finally fixing the exhaust
frame_0086.jpg,2.87, How's it going guys welcome back to Craft of Cars happy Tuesday and today's video we're gonna be finally fixing the exhaust
frame_0087.jpg,2.90, How's it going guys welcome back to Craft of Cars happy Tuesday and today's video we're gonna be finally fixing the exhaust
frame_0088.jpg,2.93, How's it going guys welcome back to Craft of Cars happy Tuesday and today's video we're gonna be finally fixing the exhaust
frame_0089.jpg,2.97, How's it going guys welcome back to Craft of Cars happy Tuesday and today's video we're gonna be finally fixing the exhaust
frame_0090.jpg,3.00, How's it going guys welcome back to Craft of Cars happy Tuesday and today's video we're gonna be finally fixing the exhaust
frame_0091.jpg,3.03, How's it going guys welcome back to Craft of Cars happy Tuesday and today's video we're gonna be finally fixing the exhaust
frame_0092.jpg,3.07, How's it going guys welcome back to Craft of Cars happy Tuesday and today's video we're gonna be finally fixing the exhaust
frame_0093.jpg,3.10, How's it going guys welcome back to Craft of Cars happy Tuesday and today's video we're gonna be finally fixing the exhaust
frame_0094.jpg,3.13, How's it going guys welcome back to Craft of Cars happy Tuesday and today's video we're gonna be finally fixing the exhaust
frame_0095.jpg,3.17, How's it going guys welcome back to Craft of Cars happy Tuesday and today's video we're gonna be finally fixing the exhaust
frame_0096.jpg,3.20, How's it going guys welcome back to Craft of Cars happy Tuesday and today's video we're gonna be finally fixing the exhaust
frame_0097.jpg,3.23, How's it going guys welcome back to Craft of Cars happy Tuesday and today's video we're gonna be finally fixing the exhaust
frame_0098.jpg,3.27, How's it going guys welcome back to Craft of Cars happy Tuesday and today's video we're gonna be finally fixing the exhaust
frame_0099.jpg,3.30, How's it going guys welcome back to Craft of Cars happy Tuesday and today's video we're gonna be finally fixing the exhaust
frame_0100.jpg,3.33, How's it going guys welcome back to Craft of Cars happy Tuesday and today's video we're gonna be finally fixing the exhaust
frame_0101.jpg,3.37, How's it going guys welcome back to Craft of Cars happy Tuesday and today's video we're gonna be finally fixing the exhaust
frame_0102.jpg,3.40, How's it going guys welcome back to Craft of Cars happy Tuesday and today's video we're gonna be finally fixing the exhaust
frame_0103.jpg,3.43, How's it going guys welcome back to Craft of Cars happy Tuesday and today's video we're gonna be finally fixing the exhaust
frame_0104.jpg,3.47, How's it going guys welcome back to Craft of Cars happy Tuesday and today's video we're gonna be finally fixing the exhaust
frame_0105.jpg,3.50, How's it going guys welcome back to Craft of Cars happy Tuesday and today's video we're gonna be finally fixing the exhaust
frame_0106.jpg,3.53, How's it going guys welcome back to Craft of Cars happy Tuesday and today's video we're gonna be finally fixing the exhaust
frame_0107.jpg,3.57, How's it going guys welcome back to Craft of Cars happy Tuesday and today's video we're gonna be finally fixing the exhaust
frame_0108.jpg,3.60, How's it going guys welcome back to Craft of Cars happy Tuesday and today's video we're gonna be finally fixing the exhaust
frame_0109.jpg,3.63, How's it going guys welcome back to Craft of Cars happy Tuesday and today's video we're gonna be finally fixing the exhaust
frame_0110.jpg,3.67, How's it going guys welcome back to Craft of Cars happy Tuesday and today's video we're gonna be finally fixing the exhaust
frame_0111.jpg,3.70, How's it going guys welcome back to Craft of Cars happy Tuesday and today's video we're gonna be finally fixing the exhaust
frame_0112.jpg,3.73, How's it going guys welcome back to Craft of Cars happy Tuesday and today's video we're gonna be finally fixing the exhaust
frame_0113.jpg,3.77, How's it going guys welcome back to Craft of Cars happy Tuesday and today's video we're gonna be finally fixing the exhaust
frame_0114.jpg,3.80, How's it going guys welcome back to Craft of Cars happy Tuesday and today's video we're gonna be finally fixing the exhaust
frame_0115.jpg,3.83, How's it going guys welcome back to Craft of Cars happy Tuesday and today's video we're gonna be finally fixing the exhaust
frame_0116.jpg,3.87, How's it going guys welcome back to Craft of Cars happy Tuesday and today's video we're gonna be finally fixing the exhaust
frame_0117.jpg,3.90, How's it going guys welcome back to Craft of Cars happy Tuesday and today's video we're gonna be finally fixing the exhaust
frame_0118.jpg,3.93, How's it going guys welcome back to Craft of Cars happy Tuesday and today's video we're gonna be finally fixing the exhaust
frame_0119.jpg,3.97, How's it going guys welcome back to Craft of Cars happy Tuesday and today's video we're gonna be finally fixing the exhaust
frame_0120.jpg,4.00, How's it going guys welcome back to Craft of Cars happy Tuesday and today's video we're gonna be finally fixing the exhaust
frame_0121.jpg,4.03, How's it going guys welcome back to Craft of Cars happy Tuesday and today's video we're gonna be finally fixing the exhaust
frame_0122.jpg,4.07, How's it going guys welcome back to Craft of Cars happy Tuesday and today's video we're gonna be finally fixing the exhaust
frame_0123.jpg,4.10, How's it going guys welcome back to Craft of Cars happy Tuesday and today's video we're gonna be finally fixing the exhaust
frame_0124.jpg,4.13, How's it going guys welcome back to Craft of Cars happy Tuesday and today's video we're gonna be finally fixing the exhaust
frame_0125.jpg,4.17, How's it going guys welcome back to Craft of Cars happy Tuesday and today's video we're gonna be finally fixing the exhaust
frame_0126.jpg,4.20, How's it going guys welcome back to Craft of Cars happy Tuesday and today's video we're gonna be finally fixing the exhaust
frame_0127.jpg,4.23, How's it going guys welcome back to Craft of Cars happy Tuesday and today's video we're gonna be finally fixing the exhaust
frame_0128.jpg,4.27, How's it going guys welcome back to Craft of Cars happy Tuesday and today's video we're gonna be finally fixing the exhaust
frame_0129.jpg,4.30, How's it going guys welcome back to Craft of Cars happy Tuesday and today's video we're gonna be finally fixing the exhaust
frame_0130.jpg,4.33, How's it going guys welcome back to Craft of Cars happy Tuesday and today's video we're gonna be finally fixing the exhaust
frame_0131.jpg,4.37, How's it going guys welcome back to Craft of Cars happy Tuesday and today's video we're gonna be finally fixing the exhaust
frame_0132.jpg,4.40, How's it going guys welcome back to Craft of Cars happy Tuesday and today's video we're gonna be finally fixing the exhaust
frame_0133.jpg,4.43, How's it going guys welcome back to Craft of Cars happy Tuesday and today's video we're gonna be finally fixing the exhaust
frame_0134.jpg,4.47, How's it going guys welcome back to Craft of Cars happy Tuesday and today's video we're gonna be finally fixing the exhaust
frame_0135.jpg,4.50, How's it going guys welcome back to Craft of Cars happy Tuesday and today's video we're gonna be finally fixing the exhaust
frame_0136.jpg,4.53, How's it going guys welcome back to Craft of Cars happy Tuesday and today's video we're gonna be finally fixing the exhaust
frame_0137.jpg,4.57, How's it going guys welcome back to Craft of Cars happy Tuesday and today's video we're gonna be finally fixing the exhaust
frame_0138.jpg,4.60, How's it going guys welcome back to Craft of Cars happy Tuesday and today's video we're gonna be finally fixing the exhaust
frame_0139.jpg,4.63, How's it going guys welcome back to Craft of Cars happy Tuesday and today's video we're gonna be finally fixing the exhaust
frame_0140.jpg,4.67, How's it going guys welcome back to Craft of Cars happy Tuesday and today's video we're gonna be finally fixing the exhaust
frame_0141.jpg,4.70, How's it going guys welcome back to Craft of Cars happy Tuesday and today's video we're gonna be finally fixing the exhaust
frame_0142.jpg,4.73, How's it going guys welcome back to Craft of Cars happy Tuesday and today's video we're gonna be finally fixing the exhaust
frame_0143.jpg,4.77, How's it going guys welcome back to Craft of Cars happy Tuesday and today's video we're gonna be finally fixing the exhaust
frame_0144.jpg,4.80, How's it going guys welcome back to Craft of Cars happy Tuesday and today's video we're gonna be finally fixing the exhaust
frame_0145.jpg,4.83, How's it going guys welcome back to Craft of Cars happy Tuesday and today's video we're gonna be finally fixing the exhaust
frame_0146.jpg,4.87, How's it going guys welcome back to Craft of Cars happy Tuesday and today's video we're gonna be finally fixing the exhaust
frame_0147.jpg,4.90, How's it going guys welcome back to Craft of Cars happy Tuesday and today's video we're gonna be finally fixing the exhaust
frame_0148.jpg,4.93, How's it going guys welcome back to Craft of Cars happy Tuesday and today's video we're gonna be finally fixing the exhaust
frame_0149.jpg,4.97, How's it going guys welcome back to Craft of Cars happy Tuesday and today's video we're gonna be finally fixing the exhaust
frame_0150.jpg,5.00, How's it going guys welcome back to Craft of Cars happy Tuesday and today's video we're gonna be finally fixing the exhaust
frame_0151.jpg,5.03, How's it going guys welcome back to Craft of Cars happy Tuesday and today's video we're gonna be finally fixing the exhaust
frame_0152.jpg,5.07, How's it going guys welcome back to Craft of Cars happy Tuesday and today's video we're gonna be finally fixing the exhaust
frame_0153.jpg,5.10, How's it going guys welcome back to Craft of Cars happy Tuesday and today's video we're gonna be finally fixing the exhaust
frame_0154.jpg,5.13, How's it going guys welcome back to Craft of Cars happy Tuesday and today's video we're gonna be finally fixing the exhaust
frame_0155.jpg,5.17, How's it going guys welcome back to Craft of Cars happy Tuesday and today's video we're gonna be finally fixing the exhaust
frame_0156.jpg,5.20, How's it going guys welcome back to Craft of Cars happy Tuesday and today's video we're gonna be finally fixing the exhaust
frame_0157.jpg,5.23, How's it going guys welcome back to Craft of Cars happy Tuesday and today's video we're gonna be finally fixing the exhaust
frame_0158.jpg,5.27, How's it going guys welcome back to Craft of Cars happy Tuesday and today's video we're gonna be finally fixing the exhaust
frame_0159.jpg,5.30, How's it going guys welcome back to Craft of Cars happy Tuesday and today's video we're gonna be finally fixing the exhaust
frame_0160.jpg,5.33, How's it going guys welcome back to Craft of Cars happy Tuesday and today's video we're gonna be finally fixing the exhaust
frame_0161.jpg,5.37, leak on my Dodge Stealth I've had this little issue for a while but it's been kind of pushed after the side because I got like three other big projects going on right now
frame_0162.jpg,5.40, leak on my Dodge Stealth I've had this little issue for a while but it's been kind of pushed after the side because I got like three other big projects going on right now
frame_0163.jpg,5.43, leak on my Dodge Stealth I've had this little issue for a while but it's been kind of pushed after the side because I got like three other big projects going on right now
frame_0164.jpg,5.47, leak on my Dodge Stealth I've had this little issue for a while but it's been kind of pushed after the side because I got like three other big projects going on right now
frame_0165.jpg,5.50, leak on my Dodge Stealth I've had this little issue for a while but it's been kind of pushed after the side because I got like three other big projects going on right now
frame_0166.jpg,5.53, leak on my Dodge Stealth I've had this little issue for a while but it's been kind of pushed after the side because I got like three other big projects going on right now
frame_0167.jpg,5.57, leak on my Dodge Stealth I've had this little issue for a while but it's been kind of pushed after the side because I got like three other big projects going on right now
frame_0168.jpg,5.60, leak on my Dodge Stealth I've had this little issue for a while but it's been kind of pushed after the side because I got like three other big projects going on right now
frame_0169.jpg,5.63, leak on my Dodge Stealth I've had this little issue for a while but it's been kind of pushed after the side because I got like three other big projects going on right now
frame_0170.jpg,5.67, leak on my Dodge Stealth I've had this little issue for a while but it's been kind of pushed after the side because I got like three other big projects going on right now
frame_0171.jpg,5.70, leak on my Dodge Stealth I've had this little issue for a while but it's been kind of pushed after the side because I got like three other big projects going on right now
frame_0172.jpg,5.73, leak on my Dodge Stealth I've had this little issue for a while but it's been kind of pushed after the side because I got like three other big projects going on right now
frame_0173.jpg,5.77, leak on my Dodge Stealth I've had this little issue for a while but it's been kind of pushed after the side because I got like three other big projects going on right now
frame_0174.jpg,5.80, leak on my Dodge Stealth I've had this little issue for a while but it's been kind of pushed after the side because I got like three other big projects going on right now
frame_0175.jpg,5.83, leak on my Dodge Stealth I've had this little issue for a while but it's been kind of pushed after the side because I got like three other big projects going on right now
frame_0176.jpg,5.87, leak on my Dodge Stealth I've had this little issue for a while but it's been kind of pushed after the side because I got like three other big projects going on right now
frame_0177.jpg,5.90, leak on my Dodge Stealth I've had this little issue for a while but it's been kind of pushed after the side because I got like three other big projects going on right now
frame_0178.jpg,5.93, leak on my Dodge Stealth I've had this little issue for a while but it's been kind of pushed after the side because I got like three other big projects going on right now
frame_0179.jpg,5.97, leak on my Dodge Stealth I've had this little issue for a while but it's been kind of pushed after the side because I got like three other big projects going on right now
frame_0180.jpg,6.00, leak on my Dodge Stealth I've had this little issue for a while but it's been kind of pushed after the side because I got like three other big projects going on right now
frame_0181.jpg,6.03, leak on my Dodge Stealth I've had this little issue for a while but it's been kind of pushed after the side because I got like three other big projects going on right now
frame_0182.jpg,6.07, leak on my Dodge Stealth I've had this little issue for a while but it's been kind of pushed after the side because I got like three other big projects going on right now
frame_0183.jpg,6.10, leak on my Dodge Stealth I've had this little issue for a while but it's been kind of pushed after the side because I got like three other big projects going on right now
frame_0184.jpg,6.13, leak on my Dodge Stealth I've had this little issue for a while but it's been kind of pushed after the side because I got like three other big projects going on right now
frame_0185.jpg,6.17, leak on my Dodge Stealth I've had this little issue for a while but it's been kind of pushed after the side because I got like three other big projects going on right now
frame_0186.jpg,6.20, leak on my Dodge Stealth I've had this little issue for a while but it's been kind of pushed after the side because I got like three other big projects going on right now
frame_0187.jpg,6.23, leak on my Dodge Stealth I've had this little issue for a while but it's been kind of pushed after the side because I got like three other big projects going on right now
frame_0188.jpg,6.27, leak on my Dodge Stealth I've had this little issue for a while but it's been kind of pushed after the side because I got like three other big projects going on right now
frame_0189.jpg,6.30, leak on my Dodge Stealth I've had this little issue for a while but it's been kind of pushed after the side because I got like three other big projects going on right now
frame_0190.jpg,6.33, leak on my Dodge Stealth I've had this little issue for a while but it's been kind of pushed after the side because I got like three other big projects going on right now
frame_0191.jpg,6.37, leak on my Dodge Stealth I've had this little issue for a while but it's been kind of pushed after the side because I got like three other big projects going on right now
frame_0192.jpg,6.40, leak on my Dodge Stealth I've had this little issue for a while but it's been kind of pushed after the side because I got like three other big projects going on right now
frame_0193.jpg,6.43, leak on my Dodge Stealth I've had this little issue for a while but it's been kind of pushed after the side because I got like three other big projects going on right now
frame_0194.jpg,6.47, leak on my Dodge Stealth I've had this little issue for a while but it's been kind of pushed after the side because I got like three other big projects going on right now
frame_0195.jpg,6.50, leak on my Dodge Stealth I've had this little issue for a while but it's been kind of pushed after the side because I got like three other big projects going on right now
frame_0196.jpg,6.53, leak on my Dodge Stealth I've had this little issue for a while but it's been kind of pushed after the side because I got like three other big projects going on right now
frame_0197.jpg,6.57, leak on my Dodge Stealth I've had this little issue for a while but it's been kind of pushed after the side because I got like three other big projects going on right now
frame_0198.jpg,6.60, leak on my Dodge Stealth I've had this little issue for a while but it's been kind of pushed after the side because I got like three other big projects going on right now
frame_0199.jpg,6.63, leak on my Dodge Stealth I've had this little issue for a while but it's been kind of pushed after the side because I got like three other big projects going on right now
frame_0200.jpg,6.67, leak on my Dodge Stealth I've had this little issue for a while but it's been kind of pushed after the side because I got like three other big projects going on right now
frame_0201.jpg,6.70, leak on my Dodge Stealth I've had this little issue for a while but it's been kind of pushed after the side because I got like three other big projects going on right now
frame_0202.jpg,6.73, leak on my Dodge Stealth I've had this little issue for a while but it's been kind of pushed after the side because I got like three other big projects going on right now
frame_0203.jpg,6.77, leak on my Dodge Stealth I've had this little issue for a while but it's been kind of pushed after the side because I got like three other big projects going on right now
frame_0204.jpg,6.80, leak on my Dodge Stealth I've had this little issue for a while but it's been kind of pushed after the side because I got like three other big projects going on right now
frame_0205.jpg,6.83, leak on my Dodge Stealth I've had this little issue for a while but it's been kind of pushed after the side because I got like three other big projects going on right now
frame_0206.jpg,6.87, leak on my Dodge Stealth I've had this little issue for a while but it's been kind of pushed after the side because I got like three other big projects going on right now
frame_0207.jpg,6.90, leak on my Dodge Stealth I've had this little issue for a while but it's been kind of pushed after the side because I got like three other big projects going on right now
frame_0208.jpg,6.93, leak on my Dodge Stealth I've had this little issue for a while but it's been kind of pushed after the side because I got like three other big projects going on right now
frame_0209.jpg,6.97, leak on my Dodge Stealth I've had this little issue for a while but it's been kind of pushed after the side because I got like three other big projects going on right now
frame_0210.jpg,7.00, leak on my Dodge Stealth I've had this little issue for a while but it's been kind of pushed after the side because I got like three other big projects going on right now
frame_0211.jpg,7.03, leak on my Dodge Stealth I've had this little issue for a while but it's been kind of pushed after the side because I got like three other big projects going on right now
frame_0212.jpg,7.07, leak on my Dodge Stealth I've had this little issue for a while but it's been kind of pushed after the side because I got like three other big projects going on right now
frame_0213.jpg,7.10, leak on my Dodge Stealth I've had this little issue for a while but it's been kind of pushed after the side because I got like three other big projects going on right now
frame_0214.jpg,7.13, leak on my Dodge Stealth I've had this little issue for a while but it's been kind of pushed after the side because I got like three other big projects going on right now
frame_0215.jpg,7.17, leak on my Dodge Stealth I've had this little issue for a while but it's been kind of pushed after the side because I got like three other big projects going on right now
frame_0216.jpg,7.20, leak on my Dodge Stealth I've had this little issue for a while but it's been kind of pushed after the side because I got like three other big projects going on right now
frame_0217.jpg,7.23, leak on my Dodge Stealth I've had this little issue for a while but it's been kind of pushed after the side because I got like three other big projects going on right now
frame_0218.jpg,7.27, leak on my Dodge Stealth I've had this little issue for a while but it's been kind of pushed after the side because I got like three other big projects going on right now
frame_0219.jpg,7.30, leak on my Dodge Stealth I've had this little issue for a while but it's been kind of pushed after the side because I got like three other big projects going on right now
frame_0220.jpg,7.33, leak on my Dodge Stealth I've had this little issue for a while but it's been kind of pushed after the side because I got like three other big projects going on right now
frame_0221.jpg,7.37, leak on my Dodge Stealth I've had this little issue for a while but it's been kind of pushed after the side because I got like three other big projects going on right now
frame_0222.jpg,7.40, leak on my Dodge Stealth I've had this little issue for a while but it's been kind of pushed after the side because I got like three other big projects going on right now
frame_0223.jpg,7.43, leak on my Dodge Stealth I've had this little issue for a while but it's been kind of pushed after the side because I got like three other big projects going on right now
frame_0224.jpg,7.47, leak on my Dodge Stealth I've had this little issue for a while but it's been kind of pushed after the side because I got like three other big projects going on right now
frame_0225.jpg,7.50, leak on my Dodge Stealth I've had this little issue for a while but it's been kind of pushed after the side because I got like three other big projects going on right now
frame_0226.jpg,7.53, leak on my Dodge Stealth I've had this little issue for a while but it's been kind of pushed after the side because I got like three other big projects going on right now
frame_0227.jpg,7.57, leak on my Dodge Stealth I've had this little issue for a while but it's been kind of pushed after the side because I got like three other big projects going on right now
frame_0228.jpg,7.60, leak on my Dodge Stealth I've had this little issue for a while but it's been kind of pushed after the side because I got like three other big projects going on right now
frame_0229.jpg,7.63, leak on my Dodge Stealth I've had this little issue for a while but it's been kind of pushed after the side because I got like three other big projects going on right now
frame_0230.jpg,7.67, leak on my Dodge Stealth I've had this little issue for a while but it's been kind of pushed after the side because I got like three other big projects going on right now
frame_0231.jpg,7.70, leak on my Dodge Stealth I've had this little issue for a while but it's been kind of pushed after the side because I got like three other big projects going on right now
frame_0232.jpg,7.73, leak on my Dodge Stealth I've had this little issue for a while but it's been kind of pushed after the side because I got like three other big projects going on right now
frame_0233.jpg,7.77, leak on my Dodge Stealth I've had this little issue for a while but it's been kind of pushed after the side because I got like three other big projects going on right now
frame_0234.jpg,7.80, leak on my Dodge Stealth I've had this little issue for a while but it's been kind of pushed after the side because I got like three other big projects going on right now
frame_0235.jpg,7.83, leak on my Dodge Stealth I've had this little issue for a while but it's been kind of pushed after the side because I got like three other big projects going on right now
frame_0236.jpg,7.87, leak on my Dodge Stealth I've had this little issue for a while but it's been kind of pushed after the side because I got like three other big projects going on right now
frame_0237.jpg,7.90, leak on my Dodge Stealth I've had this little issue for a while but it's been kind of pushed after the side because I got like three other big projects going on right now
frame_0238.jpg,7.93, leak on my Dodge Stealth I've had this little issue for a while but it's been kind of pushed after the side because I got like three other big projects going on right now
frame_0239.jpg,7.97, leak on my Dodge Stealth I've had this little issue for a while but it's been kind of pushed after the side because I got like three other big projects going on right now
frame_0240.jpg,8.00, leak on my Dodge Stealth I've had this little issue for a while but it's been kind of pushed after the side because I got like three other big projects going on right now
frame_0241.jpg,8.03, leak on my Dodge Stealth I've had this little issue for a while but it's been kind of pushed after the side because I got like three other big projects going on right now
frame_0242.jpg,8.07, leak on my Dodge Stealth I've had this little issue for a while but it's been kind of pushed after the side because I got like three other big projects going on right now
frame_0243.jpg,8.10, leak on my Dodge Stealth I've had this little issue for a while but it's been kind of pushed after the side because I got like three other big projects going on right now
frame_0244.jpg,8.13, leak on my Dodge Stealth I've had this little issue for a while but it's been kind of pushed after the side because I got like three other big projects going on right now
frame_0245.jpg,8.17, leak on my Dodge Stealth I've had this little issue for a while but it's been kind of pushed after the side because I got like three other big projects going on right now
frame_0246.jpg,8.20, leak on my Dodge Stealth I've had this little issue for a while but it's been kind of pushed after the side because I got like three other big projects going on right now
frame_0247.jpg,8.23, leak on my Dodge Stealth I've had this little issue for a while but it's been kind of pushed after the side because I got like three other big projects going on right now
frame_0248.jpg,8.27, leak on my Dodge Stealth I've had this little issue for a while but it's been kind of pushed after the side because I got like three other big projects going on right now
frame_0249.jpg,8.30, leak on my Dodge Stealth I've had this little issue for a while but it's been kind of pushed after the side because I got like three other big projects going on right now
frame_0250.jpg,8.33, leak on my Dodge Stealth I've had this little issue for a while but it's been kind of pushed after the side because I got like three other big projects going on right now
frame_0251.jpg,8.37, leak on my Dodge Stealth I've had this little issue for a while but it's been kind of pushed after the side because I got like three other big projects going on right now
frame_0252.jpg,8.40, leak on my Dodge Stealth I've had this little issue for a while but it's been kind of pushed after the side because I got like three other big projects going on right now
frame_0253.jpg,8.43, leak on my Dodge Stealth I've had this little issue for a while but it's been kind of pushed after the side because I got like three other big projects going on right now
frame_0254.jpg,8.47, leak on my Dodge Stealth I've had this little issue for a while but it's been kind of pushed after the side because I got like three other big projects going on right now
frame_0255.jpg,8.50, leak on my Dodge Stealth I've had this little issue for a while but it's been kind of pushed after the side because I got like three other big projects going on right now
frame_0256.jpg,8.53, leak on my Dodge Stealth I've had this little issue for a while but it's been kind of pushed after the side because I got like three other big projects going on right now
frame_0257.jpg,8.57, leak on my Dodge Stealth I've had this little issue for a while but it's been kind of pushed after the side because I got like three other big projects going on right now
frame_0258.jpg,8.60, leak on my Dodge Stealth I've had this little issue for a while but it's been kind of pushed after the side because I got like three other big projects going on right now
frame_0259.jpg,8.63, leak on my Dodge Stealth I've had this little issue for a while but it's been kind of pushed after the side because I got like three other big projects going on right now
frame_0260.jpg,8.67, leak on my Dodge Stealth I've had this little issue for a while but it's been kind of pushed after the side because I got like three other big projects going on right now
frame_0261.jpg,8.70, leak on my Dodge Stealth I've had this little issue for a while but it's been kind of pushed after the side because I got like three other big projects going on right now
frame_0262.jpg,8.73, leak on my Dodge Stealth I've had this little issue for a while but it's been kind of pushed after the side because I got like three other big projects going on right now
frame_0263.jpg,8.77, leak on my Dodge Stealth I've had this little issue for a while but it's been kind of pushed after the side because I got like three other big projects going on right now
frame_0264.jpg,8.80, leak on my Dodge Stealth I've had this little issue for a while but it's been kind of pushed after the side because I got like three other big projects going on right now
frame_0265.jpg,8.83, leak on my Dodge Stealth I've had this little issue for a while but it's been kind of pushed after the side because I got like three other big projects going on right now
frame_0266.jpg,8.87, leak on my Dodge Stealth I've had this little issue for a while but it's been kind of pushed after the side because I got like three other big projects going on right now
frame_0267.jpg,8.90, leak on my Dodge Stealth I've had this little issue for a while but it's been kind of pushed after the side because I got like three other big projects going on right now
frame_0268.jpg,8.93, leak on my Dodge Stealth I've had this little issue for a while but it's been kind of pushed after the side because I got like three other big projects going on right now
frame_0269.jpg,8.97, leak on my Dodge Stealth I've had this little issue for a while but it's been kind of pushed after the side because I got like three other big projects going on right now
frame_0270.jpg,9.00, leak on my Dodge Stealth I've had this little issue for a while but it's been kind of pushed after the side because I got like three other big projects going on right now
frame_0271.jpg,9.03, leak on my Dodge Stealth I've had this little issue for a while but it's been kind of pushed after the side because I got like three other big projects going on right now
frame_0272.jpg,9.07, leak on my Dodge Stealth I've had this little issue for a while but it's been kind of pushed after the side because I got like three other big projects going on right now
frame_0273.jpg,9.10, leak on my Dodge Stealth I've had this little issue for a while but it's been kind of pushed after the side because I got like three other big projects going on right now
frame_0274.jpg,9.13, leak on my Dodge Stealth I've had this little issue for a while but it's been kind of pushed after the side because I got like three other big projects going on right now
frame_0275.jpg,9.17, leak on my Dodge Stealth I've had this little issue for a while but it's been kind of pushed after the side because I got like three other big projects going on right now
frame_0276.jpg,9.20, leak on my Dodge Stealth I've had this little issue for a while but it's been kind of pushed after the side because I got like three other big projects going on right now
frame_0277.jpg,9.23, leak on my Dodge Stealth I've had this little issue for a while but it's been kind of pushed after the side because I got like three other big projects going on right now
frame_0278.jpg,9.27, leak on my Dodge Stealth I've had this little issue for a while but it's been kind of pushed after the side because I got like three other big projects going on right now
frame_0279.jpg,9.30, leak on my Dodge Stealth I've had this little issue for a while but it's been kind of pushed after the side because I got like three other big projects going on right now
frame_0280.jpg,9.33, leak on my Dodge Stealth I've had this little issue for a while but it's been kind of pushed after the side because I got like three other big projects going on right now
frame_0281.jpg,9.37, leak on my Dodge Stealth I've had this little issue for a while but it's been kind of pushed after the side because I got like three other big projects going on right now
frame_0282.jpg,9.40, leak on my Dodge Stealth I've had this little issue for a while but it's been kind of pushed after the side because I got like three other big projects going on right now
frame_0283.jpg,9.43, leak on my Dodge Stealth I've had this little issue for a while but it's been kind of pushed after the side because I got like three other big projects going on right now
frame_0284.jpg,9.47, leak on my Dodge Stealth I've had this little issue for a while but it's been kind of pushed after the side because I got like three other big projects going on right now
frame_0285.jpg,9.50, leak on my Dodge Stealth I've had this little issue for a while but it's been kind of pushed after the side because I got like three other big projects going on right now
frame_0286.jpg,9.53, leak on my Dodge Stealth I've had this little issue for a while but it's been kind of pushed after the side because I got like three other big projects going on right now
frame_0287.jpg,9.57, leak on my Dodge Stealth I've had this little issue for a while but it's been kind of pushed after the side because I got like three other big projects going on right now
frame_0288.jpg,9.60, leak on my Dodge Stealth I've had this little issue for a while but it's been kind of pushed after the side because I got like three other big projects going on right now
frame_0289.jpg,9.63, leak on my Dodge Stealth I've had this little issue for a while but it's been kind of pushed after the side because I got like three other big projects going on right now
frame_0290.jpg,9.67, leak on my Dodge Stealth I've had this little issue for a while but it's been kind of pushed after the side because I got like three other big projects going on right now
frame_0291.jpg,9.70, leak on my Dodge Stealth I've had this little issue for a while but it's been kind of pushed after the side because I got like three other big projects going on right now
frame_0292.jpg,9.73, leak on my Dodge Stealth I've had this little issue for a while but it's been kind of pushed after the side because I got like three other big projects going on right now
frame_0293.jpg,9.77, leak on my Dodge Stealth I've had this little issue for a while but it's been kind of pushed after the side because I got like three other big projects going on right now
frame_0294.jpg,9.80, leak on my Dodge Stealth I've had this little issue for a while but it's been kind of pushed after the side because I got like three other big projects going on right now
frame_0295.jpg,9.83, leak on my Dodge Stealth I've had this little issue for a while but it's been kind of pushed after the side because I got like three other big projects going on right now
frame_0296.jpg,9.87, leak on my Dodge Stealth I've had this little issue for a while but it's been kind of pushed after the side because I got like three other big projects going on right now
frame_0297.jpg,9.90, leak on my Dodge Stealth I've had this little issue for a while but it's been kind of pushed after the side because I got like three other big projects going on right now
frame_0298.jpg,9.93, leak on my Dodge Stealth I've had this little issue for a while but it's been kind of pushed after the side because I got like three other big projects going on right now
frame_0299.jpg,9.97, leak on my Dodge Stealth I've had this little issue for a while but it's been kind of pushed after the side because I got like three other big projects going on right now
frame_0300.jpg,10.00, leak on my Dodge Stealth I've had this little issue for a while but it's been kind of pushed after the side because I got like three other big projects going on right now
frame_0301.jpg,10.03, leak on my Dodge Stealth I've had this little issue for a while but it's been kind of pushed after the side because I got like three other big projects going on right now
frame_0302.jpg,10.07, leak on my Dodge Stealth I've had this little issue for a while but it's been kind of pushed after the side because I got like three other big projects going on right now
frame_0303.jpg,10.10, leak on my Dodge Stealth I've had this little issue for a while but it's been kind of pushed after the side because I got like three other big projects going on right now
frame_0304.jpg,10.13, leak on my Dodge Stealth I've had this little issue for a while but it's been kind of pushed after the side because I got like three other big projects going on right now
frame_0305.jpg,10.17, leak on my Dodge Stealth I've had this little issue for a while but it's been kind of pushed after the side because I got like three other big projects going on right now
frame_0306.jpg,10.20, leak on my Dodge Stealth I've had this little issue for a while but it's been kind of pushed after the side because I got like three other big projects going on right now
frame_0307.jpg,10.23, leak on my Dodge Stealth I've had this little issue for a while but it's been kind of pushed after the side because I got like three other big projects going on right now
frame_0308.jpg,10.27, leak on my Dodge Stealth I've had this little issue for a while but it's been kind of pushed after the side because I got like three other big projects going on right now
frame_0309.jpg,10.30, leak on my Dodge Stealth I've had this little issue for a while but it's been kind of pushed after the side because I got like three other big projects going on right now
frame_0310.jpg,10.33, leak on my Dodge Stealth I've had this little issue for a while but it's been kind of pushed after the side because I got like three other big projects going on right now
frame_0311.jpg,10.37, leak on my Dodge Stealth I've had this little issue for a while but it's been kind of pushed after the side because I got like three other big projects going on right now
frame_0312.jpg,10.40, leak on my Dodge Stealth I've had this little issue for a while but it's been kind of pushed after the side because I got like three other big projects going on right now
frame_0313.jpg,10.43, leak on my Dodge Stealth I've had this little issue for a while but it's been kind of pushed after the side because I got like three other big projects going on right now
frame_0314.jpg,10.47, leak on my Dodge Stealth I've had this little issue for a while but it's been kind of pushed after the side because I got like three other big projects going on right now
frame_0315.jpg,10.50, leak on my Dodge Stealth I've had this little issue for a while but it's been kind of pushed after the side because I got like three other big projects going on right now
frame_0316.jpg,10.53, leak on my Dodge Stealth I've had this little issue for a while but it's been kind of pushed after the side because I got like three other big projects going on right now
frame_0317.jpg,10.57, leak on my Dodge Stealth I've had this little issue for a while but it's been kind of pushed after the side because I got like three other big projects going on right now
frame_0318.jpg,10.60, leak on my Dodge Stealth I've had this little issue for a while but it's been kind of pushed after the side because I got like three other big projects going on right now
frame_0319.jpg,10.63, leak on my Dodge Stealth I've had this little issue for a while but it's been kind of pushed after the side because I got like three other big projects going on right now
frame_0320.jpg,10.67, leak on my Dodge Stealth I've had this little issue for a while but it's been kind of pushed after the side because I got like three other big projects going on right now
frame_0321.jpg,10.70, leak on my Dodge Stealth I've had this little issue for a while but it's been kind of pushed after the side because I got like three other big projects going on right now
frame_0322.jpg,10.73, leak on my Dodge Stealth I've had this little issue for a while but it's been kind of pushed after the side because I got like three other big projects going on right now
frame_0323.jpg,10.77, leak on my Dodge Stealth I've had this little issue for a while but it's been kind of pushed after the side because I got like three other big projects going on right now
frame_0324.jpg,10.80, leak on my Dodge Stealth I've had this little issue for a while but it's been kind of pushed after the side because I got like three other big projects going on right now
frame_0325.jpg,10.83, leak on my Dodge Stealth I've had this little issue for a while but it's been kind of pushed after the side because I got like three other big projects going on right now
frame_0326.jpg,10.87, leak on my Dodge Stealth I've had this little issue for a while but it's been kind of pushed after the side because I got like three other big projects going on right now
frame_0327.jpg,10.90, leak on my Dodge Stealth I've had this little issue for a while but it's been kind of pushed after the side because I got like three other big projects going on right now
frame_0328.jpg,10.93, leak on my Dodge Stealth I've had this little issue for a while but it's been kind of pushed after the side because I got like three other big projects going on right now
frame_0329.jpg,10.97, leak on my Dodge Stealth I've had this little issue for a while but it's been kind of pushed after the side because I got like three other big projects going on right now
frame_0330.jpg,11.00, leak on my Dodge Stealth I've had this little issue for a while but it's been kind of pushed after the side because I got like three other big projects going on right now
frame_0331.jpg,11.03, leak on my Dodge Stealth I've had this little issue for a while but it's been kind of pushed after the side because I got like three other big projects going on right now
frame_0332.jpg,11.07, leak on my Dodge Stealth I've had this little issue for a while but it's been kind of pushed after the side because I got like three other big projects going on right now
frame_0333.jpg,11.10, leak on my Dodge Stealth I've had this little issue for a while but it's been kind of pushed after the side because I got like three other big projects going on right now
frame_0334.jpg,11.13, leak on my Dodge Stealth I've had this little issue for a while but it's been kind of pushed after the side because I got like three other big projects going on right now
frame_0335.jpg,11.17, leak on my Dodge Stealth I've had this little issue for a while but it's been kind of pushed after the side because I got like three other big projects going on right now
frame_0336.jpg,11.20, leak on my Dodge Stealth I've had this little issue for a while but it's been kind of pushed after the side because I got like three other big projects going on right now
frame_0337.jpg,11.23, leak on my Dodge Stealth I've had this little issue for a while but it's been kind of pushed after the side because I got like three other big projects going on right now
frame_0338.jpg,11.27, leak on my Dodge Stealth I've had this little issue for a while but it's been kind of pushed after the side because I got like three other big projects going on right now
frame_0339.jpg,11.30, leak on my Dodge Stealth I've had this little issue for a while but it's been kind of pushed after the side because I got like three other big projects going on right now
frame_0340.jpg,11.33, leak on my Dodge Stealth I've had this little issue for a while but it's been kind of pushed after the side because I got like three other big projects going on right now
frame_0341.jpg,11.37, leak on my Dodge Stealth I've had this little issue for a while but it's been kind of pushed after the side because I got like three other big projects going on right now
frame_0342.jpg,11.40, leak on my Dodge Stealth I've had this little issue for a while but it's been kind of pushed after the side because I got like three other big projects going on right now
frame_0343.jpg,11.43, leak on my Dodge Stealth I've had this little issue for a while but it's been kind of pushed after the side because I got like three other big projects going on right now
frame_0344.jpg,11.47, leak on my Dodge Stealth I've had this little issue for a while but it's been kind of pushed after the side because I got like three other big projects going on right now
frame_0345.jpg,11.50, leak on my Dodge Stealth I've had this little issue for a while but it's been kind of pushed after the side because I got like three other big projects going on right now
frame_0346.jpg,11.53, leak on my Dodge Stealth I've had this little issue for a while but it's been kind of pushed after the side because I got like three other big projects going on right now
frame_0347.jpg,11.57, leak on my Dodge Stealth I've had this little issue for a while but it's been kind of pushed after the side because I got like three other big projects going on right now
frame_0348.jpg,11.60, leak on my Dodge Stealth I've had this little issue for a while but it's been kind of pushed after the side because I got like three other big projects going on right now
frame_0349.jpg,11.63, leak on my Dodge Stealth I've had this little issue for a while but it's been kind of pushed after the side because I got like three other big projects going on right now
frame_0350.jpg,11.67, leak on my Dodge Stealth I've had this little issue for a while but it's been kind of pushed after the side because I got like three other big projects going on right now
frame_0351.jpg,11.70, leak on my Dodge Stealth I've had this little issue for a while but it's been kind of pushed after the side because I got like three other big projects going on right now
frame_0352.jpg,11.73, leak on my Dodge Stealth I've had this little issue for a while but it's been kind of pushed after the side because I got like three other big projects going on right now
frame_0353.jpg,11.77, leak on my Dodge Stealth I've had this little issue for a while but it's been kind of pushed after the side because I got like three other big projects going on right now
frame_0354.jpg,11.80, leak on my Dodge Stealth I've had this little issue for a while but it's been kind of pushed after the side because I got like three other big projects going on right now
frame_0355.jpg,11.83, leak on my Dodge Stealth I've had this little issue for a while but it's been kind of pushed after the side because I got like three other big projects going on right now
frame_0356.jpg,11.87, leak on my Dodge Stealth I've had this little issue for a while but it's been kind of pushed after the side because I got like three other big projects going on right now
frame_0357.jpg,11.90, leak on my Dodge Stealth I've had this little issue for a while but it's been kind of pushed after the side because I got like three other big projects going on right now
frame_0358.jpg,11.93, leak on my Dodge Stealth I've had this little issue for a while but it's been kind of pushed after the side because I got like three other big projects going on right now
frame_0359.jpg,11.97, leak on my Dodge Stealth I've had this little issue for a while but it's been kind of pushed after the side because I got like three other big projects going on right now
frame_0360.jpg,12.00, leak on my Dodge Stealth I've had this little issue for a while but it's been kind of pushed after the side because I got like three other big projects going on right now
frame_0361.jpg,12.03, leak on my Dodge Stealth I've had this little issue for a while but it's been kind of pushed after the side because I got like three other big projects going on right now
